Uniprot ID		Similar_index		Similar_areas
Q9UZV2		[38, 88, 133, 135, 136, 166, 203, 251, 255, 293, 294]		['D', 'G', 'A', 'P', 'A', 'G', 'G', 'D', 'H', 'D', 'H']
Q153J0		[46, 104, 146, 148, 149, 179, 223, 274, 278, 316, 317]		['D', 'G', 'A', 'P', 'A', 'G', 'G', 'D', 'H', 'D', 'H']
B0R9W3		[55, 124, 170, 172, 173, 204, 247, 303, 307, 345, 346]		['D', 'G', 'A', 'P', 'A', 'G', 'G', 'D', 'H', 'D', 'H']
A1YYW7		[48, 98, 158, 160, 161, 179, 245, 299, 303, 344, 345]		['D', 'G', 'A', 'P', 'A', 'G', 'G', 'D', 'H', 'D', 'H']
Q1W622		[43, 106, 148, 150, 151, 181, 249, 304, 308, 346, 347]		['D', 'G', 'A', 'P', 'A', 'G', 'G', 'D', 'H', 'D', 'H']
U6A566		[48, 98, 155, 157, 158, 188, 236, 287, 291, 329, 330]		['D', 'G', 'A', 'P', 'A', 'G', 'G', 'D', 'H', 'D', 'H']
C1K6P2		[52, 111, 153, 155, 156, 192, 232, 280, 284, 322, 323]		['D', 'G', 'A', 'P', 'A', 'G', 'G', 'D', 'H', 'D', 'H']
B8K1W1		[46, 104, 146, 148, 149, 179, 223, 274, 278, 316, 317]		['D', 'G', 'A', 'P', 'A', 'G', 'G', 'D', 'H', 'D', 'H']
A0A1B2YKT4		[46, 104, 146, 148, 149, 179, 223, 274, 278, 316, 317]		['D', 'G', 'A', 'P', 'A', 'G', 'G', 'D', 'H', 'D', 'H']
Q9KWY4		[42, 93, 135, 137, 138, 168, 211, 258, 262, 300, 301]		['D', 'G', 'A', 'P', 'A', 'G', 'G', 'D', 'H', 'D', 'H']
P19111		[60, 120, 172, 174, 175, 220, 285, 334, 338, 375, 376]		['D', 'G', 'A', 'P', 'A', 'G', 'G', 'D', 'H', 'D', 'H']
P00634		[72, 133, 175, 177, 178, 227, 278, 348, 352, 390, 391]		['D', 'G', 'A', 'P', 'A', 'G', 'G', 'D', 'H', 'D', 'H']
Q17TZ1		[64, 124, 176, 178, 179, 223, 288, 339, 343, 380, 381]		['D', 'G', 'A', 'P', 'A', 'G', 'G', 'D', 'H', 'D', 'H']
B4Z1D6		[70, 130, 184, 186, 187, 236, 299, 348, 352, 389, 390]		['D', 'G', 'A', 'P', 'A', 'G', 'G', 'D', 'H', 'D', 'H']
B4Z1D7		[70, 130, 184, 186, 187, 236, 299, 348, 352, 389, 390]		['D', 'G', 'A', 'P', 'A', 'G', 'G', 'D', 'H', 'D', 'H']
A8TKU6		[72, 132, 185, 187, 188, 232, 295, 342, 346, 383, 384]		['D', 'G', 'A', 'P', 'A', 'G', 'G', 'D', 'H', 'D', 'H']
A8WEG4		[49, 105, 147, 149, 150, 181, 241, 293, 297, 335, 336]		['D', 'G', 'A', 'P', 'A', 'G', 'G', 'D', 'H', 'D', 'H']